{"cameraMode":{"drawMode":0,"name":"Shaded","section":"Shading Mode"},"sceneLighting":true,"audioPlay":false,"sceneViewState":{"m_AlwaysRefresh":false,"showFog":true,"showSkybox":true,"showFlares":true,"showImageEffects":true,"showParticleSystems":true,"showVisualEffectGraphs":true,"m_FxEnabled":true},"in2DMode":false,"pivot":{"x":-20.328786849975587,"y":2.8683583736419679,"z":-23.279964447021486},"rotation":{"x":-0.0647558644413948,"y":-0.010740332305431366,"z":0.0008731767302379012,"w":-0.9977856874465942},"size":1.0318914651870728,"orthographic":false}